johnmathieux@mailbidon.be;AGATHOPEDE;GILLAIN Carl;500.883.551
la.forge1@mailbidon.be;LA FORGE LOUNA;VANDERCAMMEN Olivier;899.119.229
info7meuses@mailbidon.be;LES 7 MEUSES;CHIARADIA Carine;897.462.905
lolyhold@mailbidon.be;LOLYHOLD SA;VAN HOVE Jean-Marie;823.861.481
infoduvet@mailbidon.be;FRANCK DUVET;DUVET Franck;457.577.902
heloise.jadot@mailbidon.be;JADUIS SPRL;JADOT Heloise;703.939.688
oliviermmathy@mailbidon.be;Patisserie Olivier Mathy;MATHY Olivier;897.112.418
compta-vranckx@mailbidon.be;Vranckx-Vause SPRL;VRANCKX Fabienne;656.514.410
delvaux.pascal@mailbidon.be;DELVAUX PASCAL SPRL;DELVAUX Pascal;469.658.261
manuvhk@mailbidon.be;VAN HEUCKELOM Emmanuel;VAN HEUCKELOM Emmanuel;879.230.566
cat180368@mailbidon.be;LALLEMAND-DADSSI SNC;LALLEMAND Cathy;884.589.025
natachawafflard@mailbidon.be;LEIA;WAFFLARD Natacha;819.192.417
lindadelvigne@mailbidon.be;LIVIA;DELVIGNE Linda;665.737.922
laetitiaparmentier1@mailbidon.be;PARMENTIER;PARMENTIER Laetitia;642.606.291
